{ 
"worldpopulation": 
	[
		 {
		 "rank":1,
         "country":"China",
		 "population":"1,354,040,000",
		 "flag":"http://www.androidbegin.com/tutorial/flag/china.png"
		 }, 
		
		 {
		 "rank":2,
         "country":"India",
		 "population":"1,210,193,422",
		 "flag":"http://www.androidbegin.com/tutorial/flag/india.png"
		 }, 
		 
		 {
		 "rank":3,
         "country":"United States",
		 "population":"315,761,000",
		 "flag":"http://www.androidbegin.com/tutorial/flag/unitedstates.png"
		 }, 
		 
		 {
		 "rank":4,
         "country":"Indonesia",
		 "population":"237,641,326",
		 "flag":"http://www.androidbegin.com/tutorial/flag/indonesia.png"
		 }, 
		 
		 {
		 "rank":5,
         "country":"Brazil",
		 "population":"193,946,886",
		 "flag":"http://www.androidbegin.com/tutorial/flag/brazil.png"
		 }, 
		 
		 {
		 "rank":6,
         "country":"Pakistan",
		 "population":"182,912,000",
		 "flag":"http://www.androidbegin.com/tutorial/flag/pakistan.png"
		 }, 
		 
		 {
		 "rank":7,
         "country":"Nigeria",
		 "population":"170,901,000",
		 "flag":"http://www.androidbegin.com/tutorial/flag/nigeria.png"
		 }, 
		 
		 {
		 "rank":8,
         "country":"Bangladesh",
		 "population":"152,518,015",
		 "flag":"http://www.androidbegin.com/tutorial/flag/bangladesh.png"
		 }, 
		 
		 {
		 "rank":9,
         "country":"Russia",
		 "population":"143,369,806",
		 "flag":"http://www.androidbegin.com/tutorial/flag/russia.png"
		 }, 
		 
		 {
		 "rank":10,
         "country":"Japan",
		 "population":"127,360,000",
		 "flag":"http://www.androidbegin.com/tutorial/flag/japan.png"
     }
	] 
}